Priority,Average_Age,avg_BloodSugarLevel
5,44.33333333,155.6666667
3,60.5,195
1,54.5,280
4,26,180
