Priority,Average_Age,avg_BloodSugarLevel
5,4400.333333,1550.666667
3,6000.5,19500.6
1,5400.5,28000
4,2600,18000
